Title,Company,Description,Link,Date Scraped
IT System Engineer (m/w/d) – Vollzeit – unbefristet,Company not found,"Austro Control - Wir sind Sicherheit. Für Menschen und unsere Umwelt. In der Luft und am Boden. Als Flugsicherung und Luftfahrtbehörde für Österreich und in Europa tragen wir Verantwortung für die Gesellschaft und die Umwelt und sorgen tagtäglich für einen sicheren und effizienten Flugverkehr.

Damit uns das gelingt, möchten wir Dich für unser Team im Bereich Austro Control Engineering Services an unserem Standort in Wien zum ehestmöglichen Zeitpunkt als
IT System Engineer
(m/w/d) – Vollzeit – unbefristet

gewinnen. Unser Team in der Abteilung Austro Control Engineering Services, ist für die Planung, Errichtung und den Betrieb aller technischen Einrichtungen und Services in der ACG verantwortlich und benötigt Unterstützung durch eine:n erfahrene:n IT System Engineer.

In dieser Rolle bist du für den verlässlichen Betrieb von zentralen IT-Services für das operative Flugsicherungssystem verantwortlich.

Deine Aufgaben
Du planst und setzt moderne IT-Services um, übernimmst operative Verantwortung für diese und bist auch für die Fehlerbehebung verantwortlich.
Du unterstützt das interne Team der Technik (Applikationsverantwortliche) bei der Umsetzung von Endkunden Services für unsere Fluglotsen und Meteorologen durch die Bereitstellung und Anpassung von zentralen IT-Services.
Du beobachtest den Markt/ Technologie und entwickelst die zentralen IT-Services eigenverantwortlich weiter, um neuen Anforderungen zu entsprechen, diese technologisch anzupassen oder effizienter zu betreiben.
Du nimmst neben den technischen/ funktionalen Aufgaben auch organisatorische und Support Aufgaben (für diese Services) wahr, um den Betrieb der Services auf einem professionellen Level zu halten.

Dein Profil
Du bist kommunikativ, technisch interessiert und aufgeschlossen für Neues, arbeitest gerne im Team, bist selbständig und verantwortungsbewusst.
Du hast einen technischen (Fach-) Hochschulabschluss oder einen Abschluss einer höheren technischen Schule mit Schwerpunkt Informatik bzw. Netzwerktechnik.
Du bringst mehrjährige IT-Betriebs-/IT-Administrationserfahrung mit.
Du bist sicher im Umgang mit aktuellen Windows und/oder Linux Varianten (Betriebssystemmanagement ist nicht Scope dieser Stelle).
Du kennst dich nicht nur technologisch mit der Betriebsführung von IT-Services aus, sondern hast Anwendererfahrung mit methodischem Vorgehen zu IT-Servicemanagement.
Operative Erfahrung zu den folgenden Services: Datenbanken, Enterprise Service Bus, Zeitsynchronisations-Service, Mail-Service und/oder Log-Message Management sind von Vorteil.

Unser Angebot
Wir bieten einen gesicherten Arbeitsplatz in einem zukunftsorientierten Unternehmen, mit dynamischen Betätigungsfeldern in der europäischen Luftfahrt, wo laufende Weiterentwicklung durch vielfältige Aufgaben, breite Unterstützung und Weiterbildungsmöglichkeiten selbstverständlich ist!

Viele Benefits schaffen bei Austro Control ein attraktives Arbeitsumfeld
Jobticket, Parkmöglichkeit und versperrbare Fahrradabstellplätze
Flexibles Gleitzeitmodell mit bezahlter halbstündiger Mittagspause, keine All-In Verträge, Telework-Möglichkeit, verschiedene Teilzeit-Arbeitsmodelle
Attraktiver Standort mit unmittelbarer öffentlicher Verkehrsanbindung (U3)
Moderne Büroräumlichkeiten (Austro Tower) mit höhenverstellbaren Tischen
Essenszuschuss kombiniert mit idealer Nahversorgung (hauseigene Kantine, Lokale im direkten Umfeld, Supermärkte), für die kleine Pause zwischendurch stehen gratis Kaffee, Tee und Obst zur Verfügung
Betriebliche Pensionsvorsorge nach 5-jähriger Firmenzugehörigkeit
Umfassendes Gesundheitsangebot: Vorsorgeuntersuchung, kostenlose Impfaktionen, Sonderkonditionen im nahegelegenen Fitnesscenter, Impulsvorträge zu unterschiedlichen Gesundheitsthemen
Mitarbeiterevents wie Frühlingsfest oder Weihnachtsfeier, Teilnahme an Sportveranstaltungen (bspw. VCM, Vienna Night Run, Golf Turniere)
Wir bieten ein Bruttojahresgehalt von mindestens EUR 90.500 abhängig von deiner Berufserfahrung (entsprechend des angeführten Arbeitszeitausmaßes).
Zu unserer Wertehaltung gehört eine wertschätzende Grundeinstellung gegenüber Vielfalt. Um diese Grundhaltung mit Leben zu füllen, wird Vielfalt als Teil der Unternehmenskultur gezielt gefördert – im Sinne gleicher Chancen und voller Entfaltung für alle Mitarbeiter:innen. Denn einer der Schlüssel unseres Erfolges liegt in der Diversität unserer Mitarbeiter:innen.

Austro Control möchte den Frauenanteil im Unternehmen gezielt erhöhen, daher freuen wir uns besonders über Bewerbungen von Frauen.
Wir unterstützen unsere Mitarbeiter bei der Inanspruchnahme von Papamonat und der Väterkarenz und alle Mitarbeiter:innen beim Wiedereinstieg nach der Karenz, bspw. durch Elternteilzeitmodelle

Wenn Du dich leidenschaftlich für die Luftfahrtbranche und Technik interessierst und die Möglichkeit suchen, unser Unternehmen voranzubringen, freuen wir uns auf Deine Bewerbung. Senden deine aussagekräftige Bewerbung bitte mit beigefügtem Lebenslauf an , Abteilung HR, Austro Control GmbH, Schnirchgasse 17, 1030 Wien

Bei Fragen zu dieser Ausschreibung wenden dich bitte unter der Tel. Nr. 051703 -9234 an Frau Agnes Dixon",https://at.indeed.com/rc/clk?jk=e15dfc571e2e6bfd&bb=Uc4HbQ-UFmMcuXVmKv97EPQZxyTAFRGBk-_KkRO6UM1yY7wOpqpk8lMRtmNGeAApUFoHbpUEh6dfskWRm3Ow5SNYzMXgpmsytZIa3YOLSRHFuPqu-9_KBgl9SQgOqZy1&xkcb=SoBd67M3BFFX7KQsR50LbzkdCdPP&fccid=6d1d67c40bc5fb8f&vjs=3,2024-04-23 12:05:40
Web Development Expert (f/m/x),Company not found,"Job Description

join us and drive the energy revolution

we are a leading service provider for the commercial optimization of power assets. by offering the most technologically advanced, data-driven, and fully digital trading services, we maximize profitability for asset owners with minimum time-to-market. we go big at every level: thoughts, actions, strategies, everyday conduct. we had big dreams from the get-go, and now here we are: we built the fastest automated trading platform on the European energy market and operate with global ambitions.

if you are also convinced that flexibility is key for the successful transition to clean energy, we are looking for a passionate web development expert (m/f/x) who wants to participate in building the most innovative energy trading platform on the planet.

what you'll do

as part of our handpicked team of experts, you

help design, build, and maintain software applications,
enjoy working with web-based technologies and have an interest in developing yourself further,
know how to secure the quality of your code through unit tests and integration tests,
ensure optimal performance and user experience of different web-based applications.
Requirements

how you fit into the team

you want to participate in the transition to clean energy actively and you

have deep knowledge of web technologies (at least 2 years),
excel in React, TypeScript, Node, HTML, and CSS3,
have a high-level on working with APIs like REST and AWS (CloudWatch, S3, Cognito, etc),
have some experience with one or more powerful charting tools (Grafana, Plotly, etc),
are familiarized with Python and/or Go,
have some experience with cloud technology and databases,
have a good knowledge of distributed version control systems such as Git,
are a natural born talent for user friendly UIs,
bring extensive expertise in software engineering practices,
enjoy solving complex problems independently as well as in a team.
what's in it for you?

we believe in transparency and keep our colleagues updated on every aspect of our business. Furthermore, we offer a wide range of benefits

flexible working hours & remote work
60 days of remote work from anywhere
home-office allowance
referral bonus
choose your favorite mobile and OS - option to choose between Linux and Windows
extensive support of lifelong learners
regular social events and holiday party
free public transportation ticket
free lunch & fruits and fair-trade coffee at the office
30 days of vacation
offsetting your private CO2 emissions
sustainable enspired merch
the obligatory tournament football table
we are an equal opportunity employer and consider all qualified applicants. We offer an attractive salary which corresponds to your skills of at least EUR 65,000.- gross per year.

we are interested in getting in contact with candidates from Austria, Germany, Belgium, Slovakia, and France.

GDPR disclaimer - we are storing the personal data of applicants for further processing of applications. After the recruiting process ends, the purpose no longer applies. After six months, a deletion request is possible unless the data is needed to guarantee and process claims under employment law.",https://at.indeed.com/rc/clk?jk=2dd1ef01af096ecb&bb=Uc4HbQ-UFmMcuXVmKv97EGDySnr_05vJevKvDyXWBtfYc80QVp-46BPYwLmz2OfyLUTuEVuCov9wGpM8dC1vSaJqWw78rmRM8X2zGfTo54k8WeWrVYrefpeI3K3hQFSM&xkcb=SoDp67M3BFFX7KQsR50KbzkdCdPP&fccid=41e969d829b8fc8f&vjs=3,2024-04-23 12:05:42
IT-Systems Operator der Flugsicherung (m/w/d) – Vollzeit – unbefristet,Company not found,"Austro Control - Wir sind Sicherheit. Für Menschen und unsere Umwelt. In der Luft und am Boden. Als Flugsicherung und Luftfahrtbehörde für Österreich und in Europa tragen wir Verantwortung für die Gesellschaft und die Umwelt und sorgen tagtäglich für einen sicheren und effizienten Flugverkehr.

Damit uns das gelingt, möchten wir Dich für unser Team im Bereich Austro Control Engineering Services an unserem Standort in Wien zum ehestmöglichen Zeitpunkt als
IT-Systems Operator der Flugsicherung
(m/w/d) – Vollzeit – unbefristet
gewinnen. Das Service Control Center (SCC) ist 24h/365 Tage im Jahr verantwortlich für die Koordination und Lösung aller technisch-operativen Vorhaben, Probleme und Störungen im IT-Betrieb der Austro Control. Nach Durchlaufen eines umfassenden Ausbildungsprogramms (ca. 2,5 Jahre) arbeitest du als Schlüsselperson, welche für den Flugbetrieb im österreichischen Luftraum unverzichtbar ist, in einer hochkomplex vernetzten technischen Umgebung nach definierten Verfahren, damit technische Systemausfälle zu keinen Safety-kritischen Situationen im Flugverkehrs-Management führen.

In dieser Rolle bist du u.a. für die Aufrechterhaltung des technisch-operativen Betriebs mitverantwortlich.

Deine Aufgaben
Du monitorst und kontrollierst die technischen Flugsicherungssysteme in 12h Schichten zur Aufrechterhaltung des Flugbetriebes im österreichischen Luftraum.
Du bearbeitest und dokumentierst die auftretenden Störungen nach definierten Verfahren.
Du bist zuständig für die Vorbereitung und Durchführung von Arbeiten im Zusammenhang mit Inbetriebnahmen neuer Software/ Systeme.
Du hälst flugsicherungsrelevante Datenflüsse aufrecht und stellst diese wieder her.
Du installierst, konfigurierst und betreust die Testumgebung auf Basis von Kundenwünschen.
Du übernimmst die Ausarbeitung von Inhalten für teaminterne Briefings und trägst diese vor.
Dein Profil
Da du flugsicherungsrelevante Anlagen betreust, ist ein technischer Hintergrund Voraussetzung.
Aufgrund des internationalen Umfelds sind Englischkenntnisse auf Maturaniveau (B2) notwendig.
Du schätzt die Vorteile des Schichtdiensts (3-4 Tage Woche, geblockte Freizeit).
Du überzeugst durch ein freundliches und offenes Wesen sowie einem hohen technischen Interesse und Flexibilität.
Man kennt Dich als sehr zuverlässige und gut organisierte Person, die präzise und selbständig arbeitet und es versteht, Prioritäten zu setzen.
Unser Angebot
Wir bieten einen gesicherten Arbeitsplatz in einem zukunftsorientierten Unternehmen, mit dynamischen Betätigungsfeldern in der europäischen Luftfahrt, wo laufende Weiterentwicklung durch vielfältige Aufgaben, breite Unterstützung und Weiterbildungsmöglichkeiten selbstverständlich ist!

Viele Benefits schaffen bei Austro Control ein attraktives Arbeitsumfeld
Jobticket, Parkmöglichkeit und versperrbare Fahrradabstellplätze
Attraktiver Standort mit unmittelbarer öffentlicher Verkehrsanbindung (U3)
Essenszuschuss kombiniert mit idealer Nahversorgung (hauseigene Kantine, Lokale im direkten Umfeld, Supermärkte), für die kleine Pause zwischendurch stehen gratis Kaffee, Tee und Obst zur Verfügung
Betriebliche Pensionsvorsorge nach 5-jähriger Firmenzugehörigkeit
Umfassendes Gesundheitsangebot: Vorsorgeuntersuchung, kostenlose Impfaktionen, Sonderkonditionen im nahegelegenen Fitnesscenter, Impulsvorträge zu unterschiedlichen Gesundheitsthemen
Mitarbeiter:innen-Events wie Frühlingsfest oder Weihnachtsfeier, Teilnahme an Sportveranstaltungen (bspw. VCM, Vienna Night Run, Golf Turniere)
Wir bieten ein Endbruttojahresgehalt von EUR 74.200, nach erfolgreich abgeschlossener Ausbildung (entsprechend des angeführten Arbeitszeitausmaßes). Für die Dauer der Ausbildung (ca. 2,5 Jahre) erhältst du ein Jahresbruttogehalt von rund EUR 35.600 welches mit dem Fortschritt der Ausbildung auf bis zu EUR 51.800 ansteigt. Je nach Qualifikation ist auch eine Überzahlung während der Ausbildung möglich.

Zu unserer Wertehaltung gehört eine wertschätzende Grundeinstellung gegenüber Vielfalt. Um diese Grundhaltung mit Leben zu füllen, wird Vielfalt als Teil der Unternehmenskultur gezielt gefördert – im Sinne gleicher Chancen und voller Entfaltung für alle Mitarbeiter:innen. Denn einer der Schlüssel unseres Erfolges liegt in der Diversität unserer Mitarbeiter:innen.

Austro Control möchte den Frauenanteil im Unternehmen gezielt erhöhen, daher freuen wir uns besonders über Bewerbungen von Frauen. Wir unterstützen unsere Mitarbeiter bei der Inanspruchnahme von Papamonat und der Väterkarenz und alle Mitarbeiter:innen beim Wiedereinstieg nach der Karenz, bspw. durch Elternteilzeitmodelle

Wenn Du dich leidenschaftlich für die Luftfahrtbranche und Technik interessierst und die Möglichkeit suchen, unser Unternehmen voranzubringen, freuen wir uns auf Deine Bewerbung. Senden deine aussagekräftige Bewerbung bitte mit beigefügtem Lebenslauf an , Abteilung HR, Austro Control GmbH, Schnirchgasse 17, 1030 Wien

Bei Fragen zu dieser Ausschreibung wenden dich bitte unter der Tel. Nr. 051703 -9234 an Frau Agnes Dixon",https://at.indeed.com/rc/clk?jk=82ae1284180812f8&bb=Uc4HbQ-UFmMcuXVmKv97EPnW0VhvWIkFkxY2Xfs_ezgJ_S1w2b-uXgGlBrJQkEeneoxhGvkxgduFKhh4YWlQTns5o5zIqMg999PVuzevUNItTZiAtWYjIeKJotzpT3sX&xkcb=SoB067M3BFFX7KQsR50JbzkdCdPP&fccid=6d1d67c40bc5fb8f&vjs=3,2024-04-23 12:05:42
Data Warehouse - Entwickler für ein österreichweites Competence - Center,Company not found,"Zeitraum / Stunden
Zeitraum: ab sofort
Stunden: Vollzeit (auch Teilzeit ab mind. 32 Stunden möglich)

Beschäftigungsort
Linz

Wir bieten
Das Mindestgehalt beträgt in Vollzeit nach erfolgreicher Einschulungszeit 3.237,10 Euro brutto monatlich, 14 mal jährlich (DO. A, Gehaltsgruppe D, Dienstklasse II, Bezugsstufe 1). Eine höhere Entlohnung ist von der Anrechnung entsprechender Berufserfahrung oder Studienzeiten abhängig.

Kontakt
Bitte senden Sie uns Ihre aussagekräftigen Bewerbungsunterlagen mit Lebenslauf, Foto und Zeugnissen unter Nennung des Betreffs „FB43-14-PA-2024-Entwickler“ bis längstens 14.05.2024 per E-Mail an:
bewerbungen@oegk.at

Wir freuen uns auf Ihre Bewerbung!
Der Fachbereich IT Management und IT Organisation kümmert sich mit mehr als 550 Mitarbeiterinnen und Mitarbeitern in 6 Themenfelder an 9 Standorten in ganz Österreich um die Entwicklung und Weiterentwicklung von spezieller Software entsprechend den Bedürfnissen unserer Kundinnen und Kunden, die IT-Ausstattung der ÖGK, die IT-Security sowie den Schutz der bei uns verarbeiteten Daten durch technischen Maßnahmen.
Im Themenfeld Softwareentwicklung werden spezielle IT-Lösungen für unsere Kundinnen und Kunden entworfen und im Sinnes eines proaktiven Lifecycles laufend gewartet, optimiert und weiterentwickelt.
Werden Sie ein Mitglied unseres Entwicklungsteams und gestalten Sie die unternehmensspezifische Datenlandschaft der ÖGK aktiv mit. Sie leisten damit einen wichtigen Beitrag zur effizienten Betreuung unserer Kundinnen und Kunden sowie zur Digitalisierung der ÖGK.

Welche Aufgaben erwarten Sie bei uns?
Sie betreuen Softwarelösungen im DWH-Umfeld
Sie erstellen Beladungsroutinen (ETL-Prozess)
Sie analysieren und modellieren Daten
Sie entwickeln WebApps und Dashboards
Sie arbeiten in Migrations-, und Digitalisierungsprojekten mit, wie bei
o Umstellung auf SAS Viya
o Modernisierung ETL-Prozesse
o Datenvisualisierungen
Was erwarten wir von Ihnen?
Sie haben eine Ausbildung im Bereich Software-Entwicklung (HTL, FH oder Universität)
Sie verfügen über Erfahrungen mit relationalen Datenbanken (SQL)
Sie haben fundierte Kenntnisse der Objektorientierung (Java)• Sie besitzen grundlegende Kenntnisse in Webentwicklung
Sie zeichnen sich durch analytisches und lösungsorientiertes Denken aus
Sie sind engagiert und arbeiten selbstständig
Bereitschaft zu Aus-und Weiterbildungen
Sie haben Ihren Präsenz-/Zivildienst absolviert
Unser Angebot:
eine abwechslungsreiche und spannende Projekte im Bereich Data Science
technische Herausforderungen und aktive Mitgestaltung im Data Warehouse
eine sinnstiftende, krisensichere Aufgabe für den Gesundheitsbereich
kollegiales Arbeiten in einem motivierten Umfeld
betriebliche Gesundheitsförderung
Sozialleistungen (auch für Familien)
betriebliche Altersvorsorge
kein All-In-Vertrag
berufliche und persönliche Weiterbildungsmöglichkeiten
familienfreundliche Arbeitskultur mit Gleitzeit und Homeoffice
fixe, von den Kollektivvertragsverhandlungen unabhängige Gehaltserhöhungen",https://at.indeed.com/rc/clk?jk=b71b3614055b399d&bb=Uc4HbQ-UFmMcuXVmKv97EAp6UypUg9BikY6RbDo-HmcWn1SjfKuVvQWTgLYa1a6Rv0zE8sSJ8zjZiEWR56AAgk3EYX8aCDyyKUpwHqHi3tsFHjhaHKMnXDm1VF_kWbKz&xkcb=SoDA67M3BFFX7KQsR50IbzkdCdPP&fccid=9bdbbe43075f70c1&vjs=3,2024-04-23 12:05:44
Native iOS App Developer (Swift),BAWAG,"BAWAG Group is the listed holding company of BAWAG P.S.K., which is one of the largest banks in Austria with 2.1 million customers. As a dynamic employer, we promote talent and drive technological innovations quickly. Flat hierarchies, a flexible working environment and equal opportunities for our employees are particularly important to us.
WHY WORK FOR US?
80% Remote work model. As long as you are based in Austria. 20% is onsite in Vienna.
Diverse international team but with the scale of a Bank. Think Startup in terms of team skills, but Bank in terms of scale of our projects.
Join a team that is continuously improving and passionate about what we do.
Work on exciting projects that include Mobile Wallet payments and more.
Work in an environment that nurtures and values independence (within a team framework).
Gain experience in how Native Apps, API’s and Microservices converge in modern app architectures.
Learn about (or improve) high performance, caching and considerations for large scale enterprise apps. Contribute to an app used by 100’s of thousands of customers.
Experience working in cross-functional teams in modern ways of work.
Have buy-in and support from senior leadership that support developer ideas and improvements.
YOUR TASKS
As part of the iOS development team, you will contribute to the development of native iOS features on the BAWAG Mobile Banking App. You will also contribute to the overall iOS technical design.
Regular checking of the quality of our iOS channel crash reports and rating reports from PO. Owning the quality of your code.
Contributing to the modularization of our iOS app code.
Re-using and improving our established frameworks to achieve our app roadmap.
Collaboration with your Product Owner (lead for Mobile Apps) to roll out changes.
Close teamwork with UX and QA team members allocated to your project.
Taking your own initiative for continuous quality & security improvements within the app team and the wider technology area.
YOUR PROFILE
What we are looking for:
At least 2 years professional experience in native mobile app development.
Excellent knowledge of iOS Swing native app development (Kotlin beneficial).
Passionate about mobile app development.
Good understanding of 3rd party app dev libraries like AppCentre, Realm.io, Usabilla or similar.
Fluent in English (B2 level).
Beneficial: German language skills.
About you:
You have either successfully completed education in software development (university, technical or advanced technical college) OR you are a self-taught guru with proven app store and github/lab track record.
You are analytical, structured and logical thinker with attention to detail.
You have experience in Swift, UIKit, MVVM (design pattern), SwiftUI (preferable), Unit Testing. (Beneficial: Reactive programming)
You get along well within a team context.
You like to ""get things done"".
WE OFFER
FlexOffice is our motto! Work in your private environment whenever it is compatible with the job. We support you with high-quality equipment and a financial allowance.
You spend your office days in our modern, easily accessible office at Vienna Central Station. Here you can also place your little ones in the company's own kindergarten, which is run by the Wiener Kinderfreunde.
We support your personal development and career planning with an individual, attractive training program. Visit our BAWAG Academy and use our eLearning-Plattform GoodHabitz for your professional and also personal development.
In addition, we offer interesting and lucrative additional services (company health care, group insurance, BAWAG sports club, vacation accommodation, preferential conditions for employees and their close relatives, meal subsidy).

We guarantee a competitive salary dependent on your professional and personal qualifications, starting at € 44.476,88 gross per year for this position, in accordance with the respective collective agreement. Salary requests above this amount will be considered depending on your previous experience and qualifications.
Your contact person is Jutta Durstberger +43 664 80998 22099.

We value people.
Would you like to work in a team where good cooperation and diversity are actively practiced? Then you've come to the right place. Equal opportunity is important to us - regardless of age, gender, sexual orientation, physical impairment, religion or origin.

UNTERNEHMEN
BAWAG
STANDORT
WIEN
EINSTIEGSLEVEL
MIT BERUFSERFAHRUNG
TÄTIGKEITSBEREICH
DATENANALYSE / DIGITAL / IT
WOCHENSTUNDEN
38,5
STARTDATUM
1. JUNI 2024",https://at.indeed.com/rc/clk?jk=54836f61ce3afff0&bb=Uc4HbQ-UFmMcuXVmKv97EBPmMfJblaAoj028xF9ivPJuTkBavTQYqRR_dQXsxSEIj6OiFj5Le_e6b5GaOLsAyuy8WEiz3ICLNtAL7GRI9JeUw_cyZFPzApiQWS6ourOQ&xkcb=SoBO67M3BFFX7KQsR50PbzkdCdPP&fccid=b7a4f08329349c86&vjs=3,2024-04-23 12:05:45
Recruiting & Talent Acquisition Specialist (m/w/d),BDO Austria Holding Wirtschaftsprüfung GmbH,"Job Facts
Standort: Wien
Beginn: Ab sofort
Arbeitszeit: 40 Std./Woche (Gleitzeit)
Fachbereich: Human Resources
Gehalt: ab EUR 3000

GREAT, WENN DICH DIESE AUFGABEN FREUEN:
Übernahme des gesamten Recruitingprozesses für ausgewählte Fachbereiche von der Erarbeitung des Anforderungsprofils, der Gesprächsführung bis hin zum Onboarding
Sicherstellung einer vollumfänglichen HR- Betreuung von Standorten in Österreich
Operative Abwicklung der gesamten Candidate Journey (von der Vorselektion, über die Durchführung von Interviews und das Management von Bewerber:innen bis zum abschließenden Vertragswesen) und Unterstützung von Kolleg:innen für einen angenehmen Start bei BDO
Du siehst dich über das „klassische“ Recruiting hinaus als eine Persönlichkeit, die BDO gerne auf Karriereevents vertritt sowie diese organisiert und durchführt
Du findest Lösungen, wie du die Netzwerke deiner zu betreuenden Fachbereiche und dein eigenes nutzen kannst, um die besten Köpfe für BDO zu begeistern
Inhaltliche Weiterentwicklung der Karriereseite und einbringen neuer Ideen für Kampagnen und Werbemittel
Great Teamwork: Gemeinsam gestalten wir kreative Employer Branding Aktivitäten voller Greatness, bei denen du dich aktiv in der Ausgestaltung und Umsetzung einbringst
GREAT, WENN DAS DEIN PROFIL IST:
Abgeschlossene Ausbildung (Uni, FH) mit wirtschaftlichem oder psychologischem Schwerpunkt
Mindestens 2 – 3 Jahre einschlägige Berufserfahrung im Recruiting, Branchenerfahrung vorteilhaft
Begeisterung für Employer Branding und innovative Trends im Bereich Talent Attraction sowie Interesse an einer nachhaltigen Unternehmensentwicklung
Dich zeichnet eine empathische und wertschätzende Gesprächsführung aus
Du bringst eine IT-Affinität mit und hast Freude an der digitalen Weiterentwicklung (KI im Recruiting, Automatisierung von Prozessen, etc.)
Great Mindset: Hands-on-Mentalität, Proaktivität, Kommunikationstalent und Teamplayer:in
Offen für Weiterentwicklung und hohe Lernbereitschaft
DEINE PERSPEKTIVEN BEI UNS:
Einzigartige Möglichkeit, sich bei einer Vielfalt von Projekten im Bereich Recruiting und Employer Branding zu entfalten
Hervorragende Entwicklungsmöglichkeiten: Wir unterstützen dich gezielt bei deinem nächsten Karriereschritt mit Aus-und Weiterbildungen, Lernurlaub und Bildungsdarlehen!
New Work: Flexible Arbeitszeiten und Home-Office Möglichkeiten
Benefit-Package: Essenszuschuss, Jobticket, Mitwirken bei CSR-Projekten sowie diverse andere Social Benefits
Modernste Büroräumlichkeiten und ausgezeichnete öffentliche Erreichbarkeit
Greatness Bonus: Greatness steckt in uns und beginnt mit deinem Einsatz. Gemeinsam tragen wir alle zum Erfolg von BDO bei und deshalb bieten wir allen Mitarbeiter:innen eine Gewinnbeteiligung.
Das Bruttomonatsgehalt für diese Position beträgt ab EUR 3.000 (Fixum VZ Basis exkl. Überstunden). Kein All-In!
Wir freuen uns auf deine Bewerbung – direkt online oder mobil über dein Handy!
Jetzt Bewerben
Teilen
Linkedin X Facebook Xing Threads",https://at.indeed.com/rc/clk?jk=8023bd11bc8c707b&bb=Uc4HbQ-UFmMcuXVmKv97EJHvI_xmly6ARG7XpBv6dJAvV7E-578ffSpnjbgM36z8_aAxbkH6b1JnkNOUWsPQH8UgunkmqEznOlZy51486MfMyWCzYeHS-GFoDY0PHXRS&xkcb=SoD667M3BFFX7KQsR50ObzkdCdPP&fccid=54e878fbb7b50743&vjs=3,2024-04-23 12:05:46
Technische Großprojekte Manager: in (m/w/d) – Vollzeit – unbefristet,Company not found,"Austro Control - Wir sind Sicherheit. Für Menschen und unsere Umwelt. In der Luft und am Boden. Als Flugsicherung und Luftfahrtbehörde für Österreich und in Europa tragen wir Verantwortung für die Gesellschaft und die Umwelt und sorgen tagtäglich für einen sicheren und effizienten Flugverkehr.

Damit uns das gelingt, möchten wir dich für unser Team in der Abteilung Austro Control Engineering Services an unserem Standort in Wien zum ehestmöglichen Zeitpunkt als
Technische Großprojekte Manager: in
(m/w/d) – Vollzeit – unbefristet

gewinnen. Unser Team in der Abteilung Austro Control Engineering Services ist verantwortlich für die Planung, Errichtung und den Betrieb aller technischen Einrichtungen und Services in der ACG und benötigt Unterstützung durch eine:n erfahrene:n Manager:in für technische Großprojekte.

In dieser Rolle übernimmst Du die Planung und Durchführung von flugsicherungstechnischen Projekten unter Einhaltung der Qualität, Zeit und Kosten sowie Safety und Compliance.

Deine Aufgaben:
Du leitest abteilungsübergreifende technische Großprojekte und bist für das Projektergebnis verantwortlich.
Du übernimmst die fachliche Leitung des Projektteams und organisierst das Fremdfirmenmanagement im internationalen Umfeld.
Du sorgst für Kapazitätserweiterung durch planmäßige Umsetzung neuer technischer Funktionalitäten und für die Aufrechterhaltung der Servicequalität in einem vorgegebenen Zeit- und Kostenrahmen.
Du initiierst die notwendigen Beschaffungen sowie die Beauftragung externer Dienstleister im Rahmen des Projektbudgets und führst das Projektkostencontrolling durch.
Du übernimmst auch gerne die organisatorischen/ administrativen Tasks in deinen Projekten.
Dein Profil:
Du verfügst über einen Hochschulabschluss (TU, FH) in Elektrotechnik, Elektronik, Aviation, Nachrichtentechnik, Betriebs- Informatik, technischer Informatik oder technischer Physik.
Du hast mehrjährige einschlägige internationale Projektleitererfahrung im technischen Umfeld, idealerweise in technischen (IT) Integrationsprojekten (Etablierung von System of Systems, oder Re-Integration neuer essenzieller Bestandteile desselben) in sicherheitskritischen Bereichen.
Du hast eine abgeschlossene Projektmanager Ausbildung, idealerweise mit aktiver PM-Zertifizierung (mindestens PMA-level-C).
Du hast sehr gute Englischkenntnisse in Wort und Schrift (Französisch Kenntnisse von Vorteil).
Kenntnisse im Flugsicherungsbetrieb (Air Traffic Management) sind von Vorteil.
Du zeichnest dich durch Kommunikationsstärke, Teamfähigkeit mit Durchsetzungskraft sowie Serviceorientierung aus, bist es gewohnt ergebnisorientiert und eigenverantwortlich zu arbeiten und die User-Requirements in Projektziele zu übersetzen.

Unser Angebot
Wir bieten einen gesicherten Arbeitsplatz in einem zukunftsorientierten Unternehmen, mit dynamischen Betätigungsfeldern in der europäischen Luftfahrt, wo laufende Weiterentwicklung durch vielfältige Aufgaben, breite Unterstützung und Weiterbildungsmöglichkeiten selbstverständlich ist!
Viele Benefits schaffen bei Austro Control ein attraktives Arbeitsumfeld
Jobticket, Parkmöglichkeit und versperr0bare Fahrradabstellplätze
Flexibles Gleitzeitmodell mit bezahlter halbstündiger Mittagspause, keine All-In Verträge, Telework-Möglichkeit, verschiedene Teilzeit-Arbeitsmodelle
Attraktiver Standort mit unmittelbarer öffentlicher Verkehrsanbindung (U3)
Moderne Büroräumlichkeiten (Austro Tower) mit höhenverstellbaren Tischen
Essenszuschuss kombiniert mit idealer Nahversorgung (hauseigene Kantine, Lokale im direkten Umfeld, Supermärkte), für die kleine Pause zwischendurch stehen gratis Kaffee, Tee und Obst zur Verfügung
Betriebliche Pensionsvorsorge nach 5-jähriger Firmenzugehörigkeit
Umfassendes Gesundheitsangebot: Vorsorgeuntersuchung, kostenlose Impfaktionen, Sonderkonditionen im nahegelegenen Fitnesscenter, Impulsvorträge zu unterschiedlichen Gesundheitsthemen
Mitarbeiterevents wie Frühlingsfest oder Weihnachtsfeier, Teilnahme an Sportveranstaltungen (bspw. VCM, Vienna Night Run, Golf Turniere)
Wir bieten ein Bruttojahresgehalt von mindestens EUR 90.500 abhängig von der Berufserfahrung (entsprechend des angeführten Arbeitszeitausmaßes). Zu unserer Wertehaltung gehört eine wertschätzende Grundeinstellung gegenüber Vielfalt. Um diese Grundhaltung mit Leben zu füllen, wird Vielfalt als Teil der Unternehmenskultur gezielt gefördert – im Sinne gleicher Chancen und voller Entfaltung für alle Mitarbeiter:innen. Denn einer der Schlüssel unseres Erfolges liegt in der Diversität unserer Mitarbeiter:innen.
Austro Control möchte den Frauenanteil im Unternehmen gezielt erhöhen, daher freuen wir uns besonders über Bewerbungen von Frauen.

Wir unterstützen unsere Mitarbeiter bei der Inanspruchnahme von Papamonat und der Väterkarenz und alle Mitarbeiter:innen beim Wiedereinstieg nach der Karenz, bspw. durch Elternteilzeitmodelle.
Wenn du dich leidenschaftlich für die Luftfahrtbranche interessierst und die Möglichkeit suchst, unser Unternehmen voranzubringen, freuen wir uns auf deine Bewerbung. Sende deine aussagekräftige Bewerbung bitte mit beigefügtem Lebenslauf an , Abteilung HR, Austro Control GmbH, Schnirchgasse 17, 1030 Wien.

Bei Fragen zu dieser Ausschreibung wende dich bitte unter der Tel.-Nr. 051703 -9234 an Frau Agnes Dixon.",https://at.indeed.com/rc/clk?jk=02c1b6f967aa47fe&bb=Uc4HbQ-UFmMcuXVmKv97ED6WhaqPOOqyfU9RZcHVbaMe1_NG3IY8J295iw7w8n-yFPl6_Bjmif03eoyO4h4V2VHklQHBHBkKbOg2DsbMMViPhcfaoUzshgQx1A7VIw5N&xkcb=SoBn67M3BFFX7KQsR50NbzkdCdPP&fccid=6d1d67c40bc5fb8f&vjs=3,2024-04-23 12:05:47
Senior Monitoring Engineer (m/w/d) – Vollzeit – unbefristet,Company not found,"Austro Control - Wir sind Sicherheit. Für Menschen und unsere Umwelt. In der Luft und am Boden. Als Flugsicherung und Luftfahrtbehörde für Österreich und in Europa tragen wir Verantwortung für die Gesellschaft und die Umwelt und sorgen tagtäglich für einen sicheren und effizienten Flugverkehr.

Damit uns das gelingt, möchten wir Dich für unser Team im Bereich Austro Control Engineering Services an einem unserer Standorte (Wien, Graz, Klagenfurt, Linz, Salzburg oder Innsbruck) zum ehestmöglichen Zeitpunkt als
Senior Monitoring Engineer
(m/w/d) – Vollzeit – unbefristet
gewinnen. Unser Team in der Abteilung Austro Control Engineering Services, ist für die Planung, Errichtung und den Betrieb aller technischen Einrichtungen und Services in der ACG verantwortlich und benötigt Unterstützung durch eine:n erfahrene:n Senior Monitoring Engineer.

In dieser Rolle bist du Teil eines Teams, das die Tools für das 24/7 Monitoring der österreichweit eingesetzten IT-Systeme betreibt und den internen Kunden zur Verfügung stellt.

Deine Aufgaben
Du hast Spaß daran intelligente Monitoring/Log-Analyse-Systeme zu designen, sie aufzubauen und sie auch während ihrer Laufzeit zu betreuen.
Du identifizierst, gemeinsam mit den internen Kunden, neue oder veränderte Anforderungen sowie Verbesserungsmöglichkeiten und organisierst die zugehörigen Umsetzungen.
Du verfügst über forensische Eigenschaften, um Fehlern auf die Spur zu kommen und diese anschließend zu beseitigen.
Du beobachtest das technologische Umfeld, unterstützt bei der Erarbeitung von Systemarchitekturen und deren Dokumentation.
Du arbeitest in Großprojekten mit oder leitest Projekte im Monitoringumfeld.
Du erstellst Dokumentation, Handbücher und Verfahren für den 1st, 2nd und 3rd Level-Support.
Design, Konsolidierung und Weiterentwicklung des aktuellen heterogenen IT-Statusmonitoring zu einem Service-Based-Monitoring.

Dein Profil
Du hast einen technischen Hochschulabschluss oder HTL-Abschluss in relevanten Fachgebieten mit mehrjähriger einschlägiger Berufserfahrung.
Skript/Programmiersprachen und Linux Betriebssysteme sind für dich kein Fremdwort.
Du besitzt Produkt Know-How und hast Kenntnisse bzw. Erfahrung im Umgang mit Monitoring Produkten (Splunk, OP5, Broadcom NETOPS Suite, PRTG, usw.).
Du besitzt Erfahrung im Bereich Service-Oriented-Monitoring.
Du bringst Kenntnisse in den Bereichen REST-API Schnittstellen, SNMP-Protokoll, HTML, Splunk-SPL und JavaScript mit.
Du bist pragmatisch, lösungsorientiert, in der Lage vernetzt zu denken und kannst komplexe Sachverhalte abstrahieren, behalten und verständlich erklären.
Du bist belastbar und kannst Umstellungen in einem sicherheitskritischen Umfeld durchführen (ggf. auch in der Nacht).

Unser Angebot
Wir bieten einen gesicherten Arbeitsplatz in einem zukunftsorientierten Unternehmen, mit dynamischen Betätigungsfeldern in der europäischen Luftfahrt, wo laufende Weiterentwicklung durch vielfältige Aufgaben, breite Unterstützung und Weiterbildungsmöglichkeiten selbstverständlich ist!

Viele Benefits schaffen bei Austro Control ein attraktives Arbeitsumfeld
Flexibles Gleitzeitmodell mit bezahlter halbstündiger Mittagspause, keine All-In Verträge, Telework-Möglichkeit, verschiedene Teilzeit-Arbeitsmodelle
Essenszuschuss, für die kleine Pause zwischendurch stehen gratis Kaffee, Tee und Obst zur Verfügung
Betriebliche Pensionsvorsorge nach 5-jähriger Firmenzugehörigkeit
Umfassendes Gesundheitsangebot: Vorsorgeuntersuchung, kostenlose Impfaktionen, Sonderkonditionen im nahegelegenen Fitnesscenter, Impulsvorträge zu unterschiedlichen Gesundheitsthemen
Mitarbeiterevents wie Frühlingsfest oder Weihnachtsfeier, Teilnahme an Sportveranstaltungen (bspw. VCM, Vienna Night Run, Golf Turniere)

Wir bieten ein Bruttojahresgehalt von mindestens EUR 90.500 abhängig von deiner Berufserfahrung (entsprechend des angeführten Arbeitszeitausmaßes).

Zu unserer Wertehaltung gehört eine wertschätzende Grundeinstellung gegenüber Vielfalt. Um diese Grundhaltung mit Leben zu füllen, wird Vielfalt als Teil der Unternehmenskultur gezielt gefördert – im Sinne gleicher Chancen und voller Entfaltung für alle Mitarbeiter:innen. Denn einer der Schlüssel unseres Erfolges liegt in der Diversität unserer Mitarbeiter:innen.

Austro Control möchte den Frauenanteil im Unternehmen gezielt erhöhen, daher freuen wir uns besonders über Bewerbungen von Frauen.
Wir unterstützen unsere Mitarbeiter bei der Inanspruchnahme von Papamonat und der Väterkarenz und alle Mitarbeiter:innen beim Wiedereinstieg nach der Karenz, bspw. durch Elternteilzeitmodelle

Wenn Du dich leidenschaftlich für die Luftfahrtbranche und Technik interessierst und die Möglichkeit suchen, unser Unternehmen voranzubringen, freuen wir uns auf Deine Bewerbung. Senden deine aussagekräftige Bewerbung bitte mit beigefügtem Lebenslauf an , Abteilung HR, Austro Control GmbH, Schnirchgasse 17, 1030 Wien

Bei Fragen zu dieser Ausschreibung wenden dich bitte unter der Tel. Nr. 051703 -9234 an Frau Agnes Dixon",https://at.indeed.com/rc/clk?jk=fbf6ecb5b65680ce&bb=Uc4HbQ-UFmMcuXVmKv97EHH0oy3zjaRaZMGNKvwi5Tnm7tqQJAJMf8weLw-1p2llltsMhMUo9Stw9qEXhQj0Oazl5vo6WxjCITyDLZ7Jbh9ETS8zgzGEXeILexl0xKxx&xkcb=SoDT67M3BFFX7KQsR50MbzkdCdPP&fccid=6d1d67c40bc5fb8f&vjs=3,2024-04-23 12:05:48
Projekt- und Prozessmanager Supply Chain Management (w/m/d),Company not found,"Unternehmen
GOURMET Wien
Eintrittsdatum
ab sofort
Einsatzort
1230 Wien
Beschäftigungsausmaß
Vollzeit
Organisatorische Einbindung
Die Abteilung Supply Chain Management kümmert sich an den Standorten Wien, St. Pölten und Böheimkirchen um eine reibungslose und effiziente Lager und Bestandsführung sowie Warenverfügbarkeit für unsere Produktionsprozesse. Unsere Abteilung ist in mehrere hochspezialisierte Teams unterteilt, die sich in enger Zusammenarbeit darum kümmern, die Lieferkette effizient und zuverlässig gestaltet ist. Die Stelle des Projekt- und Prozessmanagers (w/m/d) berichtet direkt an die Leitung des Supply Chain Managements und bildet den Rahmen für ein optimales Handling sowie die Weiterentwicklung des Bereichs.
Aufgaben
Projektleitung für Projekte im Supply Chain Management
Verantwortung für die Weiterentwicklung der Supply Prozesse
Ansprechpartner für die bereichsinternen OPEX-Initiativen im Bereich
Mitarbeit beim Aufbau eines umfassenden KPI-Systems für den Bereich
Unterstützung bei der Budgetüberwachung
Assistenz des Leiters Supply Chain Management
Voraussetzungen
Akademischer Abschluss in einem Studium mit logistischem Schwerpunkt oder mehrjährige Berufserfahrung in einer ähnlichen Funktion
sehr gute Kenntnisse in MS Office
IT-Affinität
vernetztes Denken und schnelle Auffassungsgabe
Ausbildung oder Berufserfahrung im Prozessmanagement
hohe Affinität für Logistikprozesse
Reisebereitschaft zwischen den Standorten Wien, St. Pölten und Böheimkirchen
Kontakt
Philipp Birnbaumer, MSc
Referenz
GOURMET-2024-004835
Zusatzinformation
ARBEITSORT: GMS GOURMET GmbH, Oberlaaer Straße 298, 1230 Wien

ARBEITSZEIT: 5-Tage-Woche, Montag bis Freitag, 40 Stunden/Woche, Gleitzeit

ENTLOHNUNG: Die Entlohnung erfolgt gemäß dem Kollektivvertrag Gastronomie Bundesland Wien und beträgt monatlich mindestens € 3.000 brutto auf Basis einer All-In-Vereinbarung. Bei entsprechender Erfahrung sind wir zur weiteren Überzahlung bereit.

Vivatis Holding AG",https://at.indeed.com/rc/clk?jk=e18938089b4b79aa&bb=Uc4HbQ-UFmMcuXVmKv97EMRbXhJT_bJksh8tV1RRzp2S_OaIOoSzFeHJtRWh3fDnXm9Wvhfy6J-Kace5iU2QJNQktPWnGldWnZspFdZmfGJxi82UtqlOZyUCaJlGckJw&xkcb=SoA667M3BFFX7KQsR50DbzkdCdPP&fccid=af36114cb3bfe544&vjs=3,2024-04-23 12:05:49
License Owner,Company not found,"About The Job

Passionate about football (soccer) AND about business? Stranger Soccer is expanding to key cities around the world. We are looking for a License Owner to open and operate the Stranger Soccer business in Vienna.

This is not your traditional management job - its truly built for someone that wants to own and operate their own business (that happens to make the worlds greatest sport accessible to everyone). This role is ideally suited for an adventurous and football-passionate entrepreneur. If this sounds like you, keep reading.

Responsibilities

Bring the Stranger Soccer brand and business to life for the assigned city
Recruit, train, and lead a small central team (2-3 persons) as well as a few freelance Official Hosts (game hosts) to kick off the operation
Identify and secure prime slots at football venues to run Stranger Soccer games
Engage in creative sales and marketing digital and hands-onto ensure that customers are introduced to the platform as a convenient and preferred way to play
Oversee a schedule of games, ensuring customers are delighted with each game they play, and keep coming back for more
Take advantage of the strong backing and direction of Singapore headquarters, where an operations and technology team is ready to support you.

You should have

A passion for football, and a strong connection to your local football scene
A business background, ideally in management and customer service
An entrepreneurial background or spirit
A commitment to owning, driving, and scaling the Stranger Soccer brand in the assigned market
A hunger to succeed: financial compensation for this role will be proportionate to hard work, business acumen, and effectiveness.

About Stranger Soccer
With 3.5 billion football enthusiasts in over 200 countries, football is the most popular sport in the world. But why dont more people play it? Stranger Soccer (www.strangersoccer.com) makes playing football as easy as going for a jog or to the gym. Browse dozens of games on its acclaimed Mobile App. Book a slot. Turn up and play.

Incorporated in 2017, Stranger Soccer has quickly transformed the sports & recreation scene in Singapore. In a few short years, it has grown to be the #1-way people play football and futsal in the country, amassing tens of thousands of registered users purchasing thousands of slots every week. Whether you call it Fussball, Fútbol, Calcio, or anything else, the world now awaits.

Our Mission
To make playing football as easy as going for a jog.

Our Vision
A world in which playing football is as popular and widespread as watching football.

Got what it takes?
We encourage you to visit www.strangersoccer.com to learn more about this dynamic opportunity, and to express your interest. Be sure to download and explore the Stranger Soccer mobile app as well. We look forward to meeting you.",https://at.indeed.com/rc/clk?jk=92dfa89274c6e518&bb=Uc4HbQ-UFmMcuXVmKv97EJLhhN81vZ1NrHrqEq5hu3HVciJaK3lwkXYv0ea58aGWzJPPg4jVTTCZb7iEJzYCvnL_-pS-pkUIjcg9G7QShp3VUQ58gas87d-hdJxX3KWO&xkcb=SoCO67M3BFFX7KQsR50CbzkdCdPP&fccid=f289fbd98def8a3f&vjs=3,2024-04-23 12:05:50
Senior Expert Release Management (m/w/d) – Vollzeit – unbefristet,Company not found,"Austro Control - Wir sind Sicherheit. Für Menschen und unsere Umwelt. In der Luft und am Boden. Als Flugsicherung und Luftfahrtbehörde für Österreich und in Europa tragen wir Verantwortung für die Gesellschaft und die Umwelt und sorgen tagtäglich für einen sicheren und effizienten Flugverkehr.

Damit uns das gelingt, möchten wir Dich für unser Team im Bereich Austro Control Engineering Services an unserem Standort in Wien zum ehestmöglichen Zeitpunkt als
Senior Expert Release Management
(m/w/d) – Vollzeit – unbefristet
gewinnen. Unser Team in der Abteilung Austro Control Engineering Services, ist für die Planung, Errichtung und den Betrieb aller technischen Einrichtungen und Services in der ACG verantwortlich und benötigt Unterstützung durch eine:n erfahrene:n Release Manager:in.

In dieser Rolle bist du für Software-Releases und das Konfigurations-Management verantwortlich.

Deine Aufgaben
Du führst Software-Releases, inklusive Software Deployment unter Berücksichtigung der internen Standards durch.
Du organisierst Produktfreigaben für interne Anwender.
Du beschäftigst dich mit Software-Konfigurationsmanagement.
Du unterstützt die Freigabe neuer Softwareprodukte und Betriebssysteme.
Du bist für die Dokumentation der Operational Releases verantwortlich.
Du sorgst für die Einrichtung und Wartung von Compile und Build Umgebungen auf Linux Basis.
Dein Profil
Du hast einen technischen Hochschulabschluss oder HTL-Abschluss in relevanten Fachgebieten mit jeweils mehrjähriger Berufserfahrung.
Du besitzt fundierte Kenntnisse in der Software Versionskontrolle (z.B. SVN, GIT) und hast sehr gute LINUX Operating System Expertise.
Du verfügst über gute Kenntnisse einer höheren Programmiersprache hast Erfahrung im automatisierten IT-Konfigurationsmanagement (z.B. ANSIBLE) und/oder objektorientierter Softwareentwicklung.
Safety-, Qualitäts-, Projekt- und Prozessmanagement sind dir nicht fremd.
Sehr gutes Englisch sowie deine Kenntnisse von internationalen technischen und betrieblichen Standards (Eurocontrol / ICAO) runden dein Profil ab.
Überdurchschnittliches Engagement, ergebnisorientiertes Arbeiten, Eigeninitiative, Belastbarkeit und Teamfähigkeit zeichnen dich aus.
Unser Angebot

Wir bieten einen gesicherten Arbeitsplatz in einem zukunftsorientierten Unternehmen, mit dynamischen Betätigungsfeldern in der europäischen Luftfahrt, wo laufende Weiterentwicklung durch vielfältige Aufgaben, breite Unterstützung und Weiterbildungsmöglichkeiten selbstverständlich ist!

Viele Benefits schaffen bei Austro Control ein attraktives Arbeitsumfeld
Jobticket, Parkmöglichkeit und versperrbare Fahrradabstellplätze
Flexibles Gleitzeitmodell mit bezahlter halbstündiger Mittagspause, keine All-In Verträge, Telework-Möglichkeit
Attraktiver Standort mit unmittelbarer öffentlicher Verkehrsanbindung (U3)
Essenszuschuss kombiniert mit idealer Nahversorgung (hauseigene Kantine, Lokale im direkten Umfeld, Supermärkte), für die kleine Pause zwischendurch stehen gratis Kaffee, Tee und Obst zur Verfügung
Betriebliche Pensionsvorsorge nach 5-jähriger Firmenzugehörigkeit
Umfassendes Gesundheitsangebot: Vorsorgeuntersuchung, kostenlose Impfaktionen, Sonderkonditionen im nahegelegenen Fitnesscenter, Impulsvorträge zu unterschiedlichen Gesundheitsthemen
Mitarbeiter:innen-Events wie Frühlingsfest oder Weihnachtsfeier, Teilnahme an Sportveranstaltungen (bspw. VCM, Vienna Night Run, Golf Turniere)

Wir bieten ein Bruttojahresgehalt von mindestens EUR 90.500 abhängig von deiner Berufserfahrung (entsprechend des angeführten Arbeitszeitausmaßes).


Zu unserer Wertehaltung gehört eine wertschätzende Grundeinstellung gegenüber Vielfalt. Um diese Grundhaltung mit Leben zu füllen, wird Vielfalt als Teil der Unternehmenskultur gezielt gefördert – im Sinne gleicher Chancen und voller Entfaltung für alle Mitarbeiter:innen. Denn einer der Schlüssel unseres Erfolges liegt in der Diversität unserer Mitarbeiter:innen.

Austro Control möchte den Frauenanteil im Unternehmen gezielt erhöhen, daher freuen wir uns besonders über Bewerbungen von Frauen. Wir unterstützen unsere Mitarbeiter bei der Inanspruchnahme von Papamonat und der Väterkarenz und alle Mitarbeiter:innen beim Wiedereinstieg nach der Karenz, bspw. durch Elternteilzeitmodelle

Wenn Du dich leidenschaftlich für die Luftfahrtbranche und Technik interessierst und die Möglichkeit suchen, unser Unternehmen voranzubringen, freuen wir uns auf Deine Bewerbung. Senden deine aussagekräftige Bewerbung bitte mit beigefügtem Lebenslauf an , Abteilung HR, Austro Control GmbH, Schnirchgasse 17, 1030 Wien

Bei Fragen zu dieser Ausschreibung wenden dich bitte unter der Tel. Nr. 051703 -9234 an Frau Agnes Dixon",https://at.indeed.com/rc/clk?jk=5457e405320ebbf2&bb=Uc4HbQ-UFmMcuXVmKv97EPLp1bbTeV9MPrXS5v7skyVe4UN14Q6FuihFUJd_SrGMM7KDcNFuZTtmlnCgbZaOk52dkx57PFIAkfO8TzOKaMQPpw3WLt4dsgyskGGRpVgP&xkcb=SoAT67M3BFFX7KQsR50BbzkdCdPP&fccid=6d1d67c40bc5fb8f&vjs=3,2024-04-23 12:05:51
"Werkstudent:in mit Schwerpunkt Kommunikation - Teilzeit, befristet",Voestalpine AG,"Job-ID: V000009144
Einsatzort: Linz
Zeitpunkt: ehestmöglich
Art der Anstellung: Teilzeit

Ihre Aufgaben
Ihre AufgabenIhre Aufgaben
Projektunterstützung oneIT Change & Communication (neue IT Strategie)
Content-Entwicklung in deutscher und englischer Sprache für unsere Webapplikationen und Kommunikationskanäle (SharePoint/SharePoint online, Microsoft 365 Apps, mailworx, Blog, Mitarbeiter:innenmagazin, Intranet, Anleitungen, Onepager, …)
Mitwirkung bei der Entwicklung von Kommunikationskonzepten sowie bei der Umsetzung von entsprechenden Maßnahmen
Kreatives Design von Kommunikationsmaterialien
Unterstützung beim Eventmanagement
Ihr Profil
Ihr ProfilIhr Profil
Abgeschlossene kaufmännische Berufsausbildung (Lehre, HBLA, HAK oder andere gleichwertige Ausbildung) bzw. laufendes Studium mit Schwerpunkt Wirtschaft/Wirtschaftsinformatik/Informatik/Kommunikation/Marketing
IT-Affinität
Grafik Design-Kenntnisse erwünscht
Sehr gute Deutsch- und Englischkenntnisse in Wort und Schrift
Versierter Umgang mit Microsoft-Anwendungen (Excel, PowerPoint, Word)
Selbstständige Arbeitsweise
Das bieten wir
Das bieten wirDas bieten wir
Entgelt und Benefits: Das kollektivvertragliche Mindestgehalt für diesen Arbeitsplatz beträgt € 2.784,29 brutto (14 mal p.a.) auf Vollzeitbasis. Die tatsächliche Bezahlung ist von der jeweiligen Qualifikation bzw. Berufserfahrung abhängig.
Stundenausmaß: 15 Stunden pro Woche, befristet für zwei Jahre
voestalpine bietet seinen Mitarbeitenden ein attraktives und wertschätzendes Arbeitsumfeld: Wir unterstützen mit umfangreicher Einarbeitungsphase, regelmäßiger Weiterbildung, flexiblen Arbeitszeitmodellen und jährlichem Mitarbeiter:innengespräch zwischen Mitarbeitenden und Führungskraft. Wir ermöglichen zahlreiche Vergünstigungen bei unterschiedlichen Handelspartner:innen und bei gutem Geschäftserfolg erhalten alle Mitarbeitenden einmal pro Jahr eine Erfolgsprämie zusätzlich. Die voestalpine-Mitarbeiterbeteiligung liegt uns jedoch besonders am Herzen: Damit sind unsere Mitarbeitenden am Unternehmen beteiligt und halten derzeit rund 14 % der Aktien.
Dass die voestalpine heute ein führender Stahl- und Technologiekonzern ist, verdankt sie vor allem den rund 51.200 Mitarbeitenden. Wir arbeiten permanent an einem modernen Arbeitsumfeld, das Vielfalt, Chancengleichheit und Freude an Innovationen wertschätzt. Wir freuen uns auf Ihre Bewerbung!
Aus-und Weiterbildung
Betriebliche Altersvorsorge
Betriebsärzt:in
Dienst-Handy
Dienst-Laptop
Flexible Arbeitszeiten
Gute Verkehrsanbindung
Home-Office
Kantine
Kinderbetreuung
Mitarbeiter:innenevents
Mitarbeiter:innenprämien
Mitarbeiter:innenvergünstigungen
Mitarbeiterbeteiligung
Parkplatz
Sport- und Fitnessangebote
Aus-und Weiterbildung; Betriebliche Altersvorsorge; Betriebsärzt:in; Dienst-Handy; Dienst-Laptop; Flexible Arbeitszeiten; Gute Verkehrsanbindung; Home-Office; Kantine; Kinderbetreuung; Mitarbeiter:innenevents; Mitarbeiter:innenprämien; Mitarbeiter:innenvergünstigungen; Mitarbeiterbeteiligung; Parkplatz; Sport- und Fitnessangebote

Das sind wir
Das sind wirDas sind wir
Wir als „Corporate IT“ sind das Bindeglied zwischen Geschäfts- und IT-Strategie. Im IT-Umfeld des Konzerns fungieren wir richtungsweisend, geben Orientierung und schaffen Transparenz. Um dies zu erreichen, konzentrieren wir uns auf die Bereiche Corporate IT Governance, Corporate Enterprise Architecture, Information & IT Communication, Corporate Information Security, Technology & Innovation, IT-Controlling & Project Portfolio.
Weitere Informationen zum Unternehmen finden Sie auf unserer Website unter: https://www.voestalpine.com/group/de/
Kontakt & Bewerbung
Kontakt & BewerbungKontakt & Bewerbung
Informationen zum Bewerbungsprozess finden Sie auf der ersten Seite des Bewerbungsbogens und im Bereich „FAQs zur Bewerbung“.
Bitte nutzen Sie bevorzugt unseren Online-Bewerbungsbogen. Mit dem „CV-Parsing-Tool“ geht Ihre Bewerbung noch schneller - damit können Sie Daten aus Ihrem Lebenslauf im Bewerbungsbogen bereits vorbefüllen.
Ansprechperson:
Julia Raffl
+43 50304 15 5722
Fachbereich:
Sandra Fritz
+43 50304 15 4753",https://at.indeed.com/rc/clk?jk=5ec23ed8b92dd90c&bb=Uc4HbQ-UFmMcuXVmKv97EGB3T6rOPRbS0wW-wCqDAIJmAYt0greOuEpQXZzAMTarcbbiOtuO_eHAevMy0u3cenjOUl0dIBOLaDvhZhQS2ryRI5J9O3sMKxfmu9dRb1Zw&xkcb=SoCn67M3BFFX7KQsR50AbzkdCdPP&fccid=991fc875ed366f81&vjs=3,2024-04-23 12:05:52
(Junior) IT-System-Administrator:in (m/w/d),Company not found,"Unser Auftraggeber zählt als Teil einer erfolgreichen, internationalen Unternehmensgruppe mit
B2C-Dienstleistungen im Bereich Gastronomie und Travel-Retail in Österreich zu den führenden
Market-Playern seiner Branche. Am gut angebundenen Standort am Flughafen Wien sind wir aktuell auf der Suche nach einer „hands-on Persönlichkeit“ mit der Ambition, als Teil eines jungen, sympathischen IT-Teams Dinge zu bewegen und einen eigenen Fußabdruck zu hinterlassen.

Aufgaben

Betreuung und Weiterentwicklung der vorhandenen IT-Infrastruktur in einem breiten Aufgabenspektrum
Second Level Support: Betreuung Serverinfrastruktur (MS Azure), Kassensoftware sowie Hardware
First Level Support im Rahmen der Netzwerkbetreuung
Ganzheitliche Anwenderbetreuung: der interne Kunde steht im Mittelpunkt
Dokumentation, Berichterstellung, Projektmanagement
Sparringspartner der IT-Leitung
Rufbereitschaft
Qualifikation

Sie sind bei uns richtig, wenn…

Sie ein: e IT-Generalist: in sind, Wert auf moderne Infrastruktur mit hoher Cloud-Orientierung (IaaS, SaaS) legen und sich in „kleineren Umgebungen“ wohl fühlen
Sie Freude an einer gestalterischen Aufgabe sowie an vielschichtigen Zukunftsprojekten in einem dynamischen Umfeld mitbringen
Prioritäten sehr gut managen und „mehre Bälle in der Luft halten“ können
Flache Hierarchien, kurze Entscheidungswege und -prozesse jenes Umfeld sind, in dem Sie langfristig wachsen möchten
Was Sie mitbringen…

Ihre Berufserfahrung in einer ähnlichen Rolle steht im Vordergrund!
Interkulturelles Mindset, Freude am Umgang mit unterschiedlichen Ansprechpartner: innen bzw. einer heterogenen Kundenstruktur
Wichtig ist uns, dass Sie als zuverlässige, offen-positive Persönlichkeit das Team ergänzen
Wunsch nach einer langfristig angelegten Aufgabe sowie entsprechendes Commitment
Sehr gute Deutsch- und Englischkenntnisse in Wort und Schrift runden Ihr Profil ab
Benefits

Gelebte Work-Life Balance (Gleitzeitregelung, Home-Office Möglichkeit nach Abstimmung)
Job-Ticket, Kostenfreier Parkplatz am Firmengelände
Moderne Büroräumlichkeiten
Mitarbeiter Goodies: u.a. Rabatt in den hauseigenen Lokalen und Shops, Teamevents
Weiters dürfen Sie ein Bruttojahresgehalt ab EUR 46.000, -- erwarten. Je nach Qualifikation und Erfahrung ist eine Überzahlung möglich.

Wir freuen uns auf die vertrauliche Übermittlung Ihrer Bewerbungsunterlagen an unsere Beraterin Paola Terceli. Code A011307",https://at.indeed.com/rc/clk?jk=79136fe72b4abd20&bb=Uc4HbQ-UFmMcuXVmKv97EPa8PSwqCVaVouBKQ8HlKKbKfGgVXRwisgeO_rsHTMtma59oA38BplnFsf2Rud0KBZtJIOQByDy_9fubRZ7iZuQh7035XBlHf-qeJoIrYFz6&xkcb=SoAp67M3BFFX7KQsR50HbzkdCdPP&fccid=bf17e9680429cdfc&vjs=3,2024-04-23 12:05:53
Platform Operator (w/m/d),Company not found,"Wir vertrauen auf unsere MitarbeiterInnen.
Unsere Unternehmenskultur ist unser wichtigstes Kapital und basiert auf unseren Grundwerten - think like a customer, make it simple, dare to challenge, trust in diversity. Diese Werte begleiten uns bei allem, was wir tun.
Zur Verstärkung unseres Teams in Wien suchen wir ab sofort eine/n Platform Operator (w/m/d). Bist du bereit, neue technologische Welten zu entdecken und dabei Kunden
auf nationaler und internationaler Ebene mit unserer innovativen Softwarelösung zu unterstützen? Werde Teil eines dynamischen Teams, das die Zukunft der IT-Infrastruktur gestaltet.

Dein Aufgabenbereich
Abwicklung von Grassfish Projekten mit Infrastruktur Schwerpunkt
Beratung und Betreuung nationaler und internationaler Partner und Kunden in allen technischen Angelegenheiten in Zusammenhang mit unserer Softwarelösung
Planung, Aufbau, Inbetriebnahme, Test und Wartung unserer Client/Server Lösung für Kunden
Dokumentation aller relevanten Aktivitäten und technischen Spezifikationen anhand interner Tools (Teams, Confluence usw.)
Interne Projektübergabe an dem internen technischen Support
Technische Endkunden- und Partnerschulungen
Über dich
Erfahrung in der Installation und Administration von MS Server Betriebssystemen
Kenntnisse in Internet Information Server / Webserver
Erfahrung mit Content Management Systemen
Grundlegende Datenbankkenntnisse und SQL-Kenntnisse
Basiswissen in Netzwerktechnik
Hohe Lernbereitschaft
Sehr gute Deutschkenntnisse und gute Englischkenntnisse setzt du mit Vergnügen ein
Deine Führungskraft

Ist schon seit über 8 Jahren ein Grassfish
Hat bereits mehrere Stationen im Unternehmen durchschwommen
Ist maßgeblich für die Windows- und Linux-Playersoftware sowie alle Platform und Cloud relevanten Themen verantwortlich
Unsere Benefits
Unsere dynamische globale Grassfishwelt wächst kontinuierlich seit über 15 Jahren, mit starkem Zusammenhalt und einer offenen Arbeitskultur mit flachen Hierarchien.
Wir unterstützen unsere MitarbeiterInnen in der persönlichen Weiterentwicklung durch Zusatzausbildungen und individuelle Karrierechancen.
Individuelle Flexibilität durch Homeoffice (2 Tage / Woche), flexible Arbeitszeiten (Gleitzeitmodell), sowie freie Wahl der Arbeitsmittel ist uns wichtig.
Jahreskarte der Wiener Linien oder Sodexo Gutscheine (oder ggf. Auswahl aus alternativen Angeboten), Discount codes für den Einkauf bei diversen Händlern, externe Hotline für private oder berufliche Herausforderungen, wöchentliche Massage, ergonomische Arbeitsplätze mit höhenverstellbaren Tischen, regelmäßige Firmenevents, freies Obst, Getränke und Kaffee, sowie eine gut gefüllte Selbstbestimmungsnaschlade
Gute öffentliche Erreichbarkeit (U4/U6)
Bei Grassfish sind wir immer in Bewegung. Du möchtest neue und unbekannte Inseln in der Infrastrukturwelt entdecken und dein Wissen weitergeben? Das Zusammenarbeiten mit verschiedenen Teams in Deutsch und Englisch siehst du als eine Herausforderung und Teamarbeit macht dir Spaß? Dann bist du bei uns genau richtig.

Dein nächster Schritt – bewerben natürlich!
Wir freuen uns auf Deine Bewerbung über unsere Online Jobbörse. Bei Fragen zum Bewerbungsverfahren, wende dich gerne an: Elisabeth Pichler, Senior HR Business Partner, elisabeth.pichler@grassfish.com
Für diese Position ist ein Einstiegsgehalt von EUR 2.500, - brutto/Monat vorgesehen. Eine marktkonforme Überzahlung (abhängig von Qualifikation und Vorerfahrung) ist möglich.
Wir sind ein Digital In-Store-Unternehmen.

Grassfish hat sich mit seiner leistungsstarken In-Store Experience Management-Plattform einen Namen gemacht. Wir unterstützen führende globalen Marken wie BMW, Porsche, O2 Telefónica, Commerzbank, Lufthansa, J.Lindeberg und SPAR dabei, sich von der Konkurrenz abzuheben und im Wettbewerb durchzusetzen. Grassfish beschäftigt heute über 100 MitarbeiterInnen in Österreich, Deutschland, Schweden, Norwegen und Großbritannien.
Grassfish ist Teil der Vertiseit Gruppe, die an der Nasdaq First North Growth Market in Schweden gelistet ist.",https://at.indeed.com/rc/clk?jk=2ae5de9cc502e94d&bb=Uc4HbQ-UFmMcuXVmKv97EEnKR4OBICILyVvSLMTsZMZvzysmX6bQO0e9LEr_YSwKxi4T9xMOl7hv5YlZ1moPgD47yE1OZAfQXyv9ItNgn4Fy1SW_YC3qPqnWiiUY9YJS&xkcb=SoCd67M3BFFX7KQsR50GbzkdCdPP&fccid=670972fd47c45352&vjs=3,2024-04-23 12:05:55
University assistant predoctoral,Universität Wien,"At the University of Vienna, a community of over 10,000 individuals, including approximately 7,500 academic staff members, passionately pursuing answers to the profound questions that shape our future. They represent individuals driven by curiosity and a relentless pursuit of excellence. With us, they find the space to try things out and unfold their potential. Are you inspired by their passion and determination? We are currently seeking a/an

University assistant predoctoral
34 Faculty of Law
Job vacancy starting: 06/01/2024 | Working hours: 30,00 | Classification CBA: §48 VwGr. B1 Grundstufe (praedoc)
Limited contract until: 06/01/2028
Job ID: 2309
Among the many good reasons to want to research and teach at the University of Vienna, there is one in particular, which has convinced around 7,500 academic staff members so far. They see themselves as personalities who need space for their continuous striving and curiosity in order to be able to be More than 7,500 academics at the University of Vienna thrive on continuous exploration and curiosity and help us better understand our world. Does this sound like you? Then join our accomplished team!
Your personal sphere of influence:
As a university assistant prae doc, you will complement the research team at the Institute for European Law, International Law and Comparative Law, around Prof. Thomas Jaeger. You will take on exciting tasks such as; participating in research projects, co-teaching and independently teaching courses, as well as organizing scientific conferences.
The contract period upon employment is 4 years. Initially limited to 1.5 years, the employment relationship will automatically be extended to 4 years, if the employer does not submit a declaration of non-renewal within the first 12 months.
Your future tasks:
You actively participate in research, teaching & administration, which means:
Participation in research projects in the entire area of EU law with an individual focus on substantive European law (internal market law, in particular free circulation and/or competition law)
Independent research in the area of internal market and/or competition law with the aim of publishing nationally and internationally
A dissertation agreement is expected to be concluded within 12 months
Participation in scientific conferences and maintaining scientific contacts
Co- and independent teaching of courses to the extent of the collective agreement provisions
Student support and examination coordination
Participation in organizational and administrative tasks of the department
This is part of your personality:
Completed Master's degree or Diploma, in the field of legal studies
Advantageous: practical and/or international experience (e.g. Erasmus, internships, postgraduate studies)
Interest in questions of European integration and EU law
Intention of writing a dissertation
Excellent knowledge of the German language, both spoken and written
Very good command of written and spoken English (C1 Level), futhermore good command another EU working language (preferably French)
Didactic competences desired
Independent way of working and quick comprehension
Good organizational skills
What we offer:
Technically specialized training that can prepare you for a scientific career and is also very popular in the private and public sectors
Close professional support in choosing a topic and carrying out your dissertation project
Contacts and networking: as well as a platform for your own visibility in the legal professional world
Work-life balance: Our employees enjoy flexible working hours and can partially work remotely.
Inspiring working atmosphere: You are a part of an international academic team in a healthy and fair working environment.
Good public transport connections: Your workplace is easily accessible by public transport.
Internal further training & Coaching: Opportunity to deepen your skills on an ongoing basis. There are over 600 courses to choose from – free of charge.
Fair salary: The basic salary of EUR 3578,80 (on a full-time basis) increases if we can credit professional experience.
Equal opportunities for everyone: We look forward to diverse personalities in the team!

It is that easy to apply:
With your scientific curriculum vitae
With your letter of intent
Master Degree / Diploma
Advantageous: list of publications, proof of teaching experience (if any)
Advantageous: Short concept for a dissertation project
Via our job portal!
If you have any questions, please contact:
Thomas Theodor Jaeger
thomas.jaeger@univie.ac.at

We look forward to new personalities in our team!
The University of Vienna has an anti-discriminatory employment policy and attaches great importance to equal opportunities, the advancement of women and diversity. We lay special emphasis on increasing the number of women in senior and in academic positions among the academic and general university staff and therefore expressly encourage qualified women to apply. Given equal qualifications, preference will be given to female candidates.

University of Vienna. Space for personalities. Since 1365.

Data protection
Application deadline: 05/20/2024
Prae Doc",https://at.indeed.com/rc/clk?jk=17d992076741f842&bb=Uc4HbQ-UFmMcuXVmKv97EPJiTAdwMmwRkM2hZRNs1YodU1eV5mjZb2xAPF7VmwXx6eR9E6GIBSBjB0XD2UdBMfg5iPrdso6FjbQu2s5NvS5p-5vBc4hAozKZu9TTVY6p&xkcb=SoAA67M3BFFX7KQsR50FbzkdCdPP&fccid=6c2f4f9201739318&vjs=3,2024-04-23 12:05:56
